[{"inputs":[],"stateMutability":"nonpayable","type":"constructor"},{"inputs":[{"internalType":"address","name":"Who","type":"address"},{"internalType":"bool","name":"TrueOrFalse","type":"bool"}],"name":"AssignPermission","outputs":[],"stateMutability":"nonpayable","type":"function"},{"inputs":[{"internalType":"uint256","name":"TokensPerBlockPerNFT","type":"uint256"},{"internalType":"uint256","name":"HowManyBlocks","type":"uint256"},{"internalType":"uint256","name":"decimals","type":"uint256"}],"name":"CalculateEmission","outputs":[{"internalType":"uint256","name":"","type":"uint256"}],"stateMutability":"pure","type":"function"},{"inputs":[{"internalType":"address","name":"YourAddress","type":"address"}],"name":"CheckUnclaimedRewards","outputs":[{"internalType":"uint256","name":"","type":"uint256"}],"stateMutability":"view","type":"function"},{"inputs":[],"name":"Claim","outputs":[],"stateMutability":"nonpayable","type":"function"},{"inputs":[{"internalType":"uint256","name":"TokensPerNFT","type":"uint256"},{"internalType":"uint256","name":"HowManyBlocks","type":"uint256"}],"name":"EditEmission","outputs":[],"stateMutability":"nonpayable","type":"function"},{"inputs":[{"internalType":"contract ERC20","name":"Token","type":"address"}],"name":"EditToken","outputs":[],"stateMutability":"nonpayable","type":"function"},{"inputs":[{"internalType":"address","name":"YourAddress","type":"address"}],"name":"GetMultiplier","outputs":[{"internalType":"uint256","name":"","type":"uint256"}],"stateMutability":"view","type":"function"},{"inputs":[],"name":"GetTotalRegistered","outputs":[{"internalType":"uint256","name":"","type":"uint256"}],"stateMutability":"view","type":"function"},{"inputs":[],"name":"Register","outputs":[],"stateMutability":"nonpayable","type":"function"},{"inputs":[{"internalType":"contract NFT","name":"WhatNFT","type":"address"}],"name":"SetNFT","outputs":[],"stateMutability":"nonpayable","type":"function"},{"inputs":[{"internalType":"contract ERC20","name":"TokenAddress","type":"address"}],"name":"SweepToken","outputs":[],"stateMutability":"nonpayable","type":"function"},{"inputs":[],"name":"TotalRewardsClaimed","outputs":[{"internalType":"uint256","name":"","type":"uint256"}],"stateMutability":"view","type":"function"},{"inputs":[],"name":"forceClaim","outputs":[],"stateMutability":"nonpayable","type":"function"},{"inputs":[],"name":"totalRegistered","outputs":[{"internalType":"uint256","name":"","type":"uint256"}],"stateMutability":"view","type":"function"}]